{
    "total_images": 10015,
    "train_size": 8012,
    "val_size": 1001,
    "test_size": 1002,
    "split_ratio": {
        "train": "80%",
        "validation": "10%",
        "test": "10%"
    },
    "label_map": {
        "mel": 0,
        "nv": 1,
        "bcc": 2,
        "akiec": 3,
        "bkl": 4,
        "df": 5,
        "vasc": 6
    },
    "class_counts_train": {
        "nv": 5364,
        "mel": 890,
        "bkl": 879,
        "bcc": 411,
        "akiec": 262,
        "vasc": 114,
        "df": 92
    },
    "class_counts_val": {
        "nv": 670,
        "mel": 111,
        "bkl": 110,
        "bcc": 51,
        "akiec": 33,
        "vasc": 14,
        "df": 12
    },
    "class_counts_test": {
        "nv": 671,
        "mel": 112,
        "bkl": 110,
        "bcc": 52,
        "akiec": 32,
        "vasc": 14,
        "df": 11
    },
    "class_weights": {
        "0": 1.2860353130016051,
        "1": 0.21338020666879728,
        "2": 2.7848453249913105,
        "3": 4.368593238822246,
        "4": 1.3021290427433772,
        "5": 12.440993788819876,
        "6": 10.040100250626567
    }
}